{"cameraMode":{"drawMode":0,"name":"Shaded","section":"Shading Mode"},"sceneLighting":true,"audioPlay":false,"sceneViewState":{"m_AlwaysRefresh":false,"showFog":true,"showSkybox":true,"showFlares":true,"showImageEffects":true,"showParticleSystems":true,"showVisualEffectGraphs":true,"m_FxEnabled":true},"in2DMode":false,"pivot":{"x":644.7267456054688,"y":21.249921798706056,"z":486.52984619140627},"rotation":{"x":-0.07681196928024292,"y":-0.5807650089263916,"z":0.05536468327045441,"w":-0.8088110089302063},"size":1.2247449159622193,"orthographic":false}