{"cameraMode":{"drawMode":0,"name":"Shaded","section":"Shading Mode"},"sceneLighting":true,"audioPlay":false,"sceneViewState":{"m_AlwaysRefresh":false,"showFog":true,"showSkybox":true,"showFlares":true,"showImageEffects":true,"showParticleSystems":true,"showVisualEffectGraphs":true,"m_FxEnabled":true},"in2DMode":false,"pivot":{"x":648.3299560546875,"y":12.855006217956543,"z":503.795166015625},"rotation":{"x":-0.24963949620723725,"y":-0.0037794108502566816,"z":0.0009732448379509151,"w":-0.9683337807655335},"size":9.12024974822998,"orthographic":false}