{"cameraMode":{"drawMode":0,"name":"Shaded","section":"Shading Mode"},"sceneLighting":true,"audioPlay":false,"sceneViewState":{"m_AlwaysRefresh":false,"showFog":true,"showSkybox":true,"showFlares":true,"showImageEffects":true,"showParticleSystems":true,"showVisualEffectGraphs":true,"m_FxEnabled":true},"in2DMode":false,"pivot":{"x":670.84033203125,"y":14.454109191894532,"z":502.19415283203127},"rotation":{"x":0.09646020829677582,"y":0.47218984365463259,"z":-0.05203525722026825,"w":0.8747668266296387},"size":16.259260177612306,"orthographic":false}